<wpml-config>
	<admin-texts>
		<key name="theme_mods_alpaca">
			<key name="alpaca_read_more_button_text" />
			<key name="alpaca_reading_speed_per_minute" />
			<key name="alpaca_reading_speed_unit" />
			<key name="alpaca_fullscreen_menu_copyright_text" />
			<key name="alpaca_site_footer_instagram_title" />
			<key name="alpaca_site_footer_bottom_copyright_text" />
			<key name="alpaca_archive_page_home_section_title" />
			<key name="alpaca_archive_page_home_section_sub_title" />
			<key name="alpaca_single_post_related_post_section_title" />
			<key name="alpaca_404_page_title" />
			<key name="alpaca_404_page_message" />
			<key name="alpaca_popup_signup_form_not_distrub_text" />
			<key name="alpaca_popup_signup_form_exit_message_after_signed" />
		</key>
	</admin-texts>
</wpml-config>
